[
  {
    "id": "4b45d4ff-975c-456c-892c-cb4384a17c5b",
    "data": [
      {
        "text": "what can i ask you?",
        "userDefined": false
      }
    ],
    "isTemplate": false,
    "count": 0,
    "lang": "en",
    "updated": 0
  },
  {
    "id": "28002791-c4dc-4e29-b66e-d1d5bf7129cc",
    "data": [
      {
        "text": "How can you help me with?",
        "userDefined": false
      }
    ],
    "isTemplate": false,
    "count": 0,
    "lang": "en",
    "updated": 0
  },
  {
    "id": "035c3bf6-0545-41cb-9d86-9f7d22af530c",
    "data": [
      {
        "text": "What can I ask?",
        "userDefined": false
      }
    ],
    "isTemplate": false,
    "count": 0,
    "lang": "en",
    "updated": 0
  }
]