[
  {
    "id": "bc1f7622-d5bf-4c10-a370-73cac51c2b37",
    "data": [
      {
        "text": "stop",
        "userDefined": false
      }
    ],
    "isTemplate": false,
    "count": 0,
    "lang": "en",
    "updated": 0
  },
  {
    "id": "dd075b7e-47c6-4f58-8571-4490d697dd95",
    "data": [
      {
        "text": "good bye",
        "userDefined": false
      }
    ],
    "isTemplate": false,
    "count": 0,
    "lang": "en",
    "updated": 0
  },
  {
    "id": "40db649d-f95b-4223-839b-6a3017c1b910",
    "data": [
      {
        "text": "bye",
        "userDefined": false
      }
    ],
    "isTemplate": false,
    "count": 0,
    "lang": "en",
    "updated": 0
  },
  {
    "id": "697220cd-9c8d-4037-90c3-5c3dd3f16b36",
    "data": [
      {
        "text": "bby",
        "userDefined": false
      }
    ],
    "isTemplate": false,
    "count": 0,
    "lang": "en",
    "updated": 0
  },
  {
    "id": "2af7ee8a-0e7b-4d9b-a0a1-b93268cd4feb",
    "data": [
      {
        "text": "by",
        "userDefined": false
      }
    ],
    "isTemplate": false,
    "count": 0,
    "lang": "en",
    "updated": 0
  },
  {
    "id": "e785bd01-a43c-4c19-b22c-616dc7bb9caf",
    "data": [
      {
        "text": "No. Goodbye!",
        "userDefined": false
      }
    ],
    "isTemplate": false,
    "count": 0,
    "lang": "en",
    "updated": 0
  }
]